{"name":"2156cd1b-5e74-4db2-8b5d-0f6ae56976d8","id":"/providers/Microsoft.Flow/flows/2156cd1b-5e74-4db2-8b5d-0f6ae56976d8","type":"Microsoft.Flow/flows","properties":{"apiId":"/providers/Microsoft.PowerApps/apis/shared_logicflows","displayName":"Random Movie Generator","definition":{"metadata":{"creator":{"id":"b076e19e-2637-451c-aa97-d46732eb049e","type":"User","tenantId":"c9e8e454-ead6-40c6-bc93-5b83567d5e1a"},"provisioningMethod":"FromDefinition","failureAlertSubscription":true,"clientLastModifiedTime":"2018-05-01T06:16:03.4607406Z"},"$schema":"https://schema.management.azure.com/providers/Microsoft.Logic/schemas/2016-06-01/workflowdefinition.json#","contentVersion":"1.0.0.0","parameters":{"$authentication":{"defaultValue":{},"type":"SecureObject"}},"triggers":{"manual":{"type":"Request","kind":"PowerApp","inputs":{"schema":{"type":"object","required":["HTTP_Uri","HTTP_Uri_1","HTTP_Uri_2","HTTP_Uri_3","HTTP_Uri_4","HTTP_Uri_5"],"properties":{"HTTP_Uri":{"type":"string","format":"uri","description":"Enter request URL. This parameter is used as part of \"uri\"","x-ms-powerflows-param-ispartial":true},"HTTP_Uri_1":{"type":"string"},"HTTP_Uri_2":{"type":"string"},"HTTP_Uri_3":{"type":"string"},"HTTP_Uri_4":{"type":"string"},"HTTP_Uri_5":{"type":"string"}}}}}},"actions":{"HTTP_-_Get_number_of_pages":{"runAfter":{},"type":"Http","inputs":{"method":"GET","uri":"https://api.themoviedb.org/3/discover/movie?api_key=@{triggerBody()['HTTP_Uri']}&language=en-US&page=1&primary_release_date.gte=@{triggerBody()['HTTP_Uri_1']}&primary_release_date.lte=@{triggerBody()['HTTP_Uri_2']}&with_genres=@{triggerBody()['HTTP_Uri_3']}&with_original_language=@{triggerBody()['HTTP_Uri_4']}"}},"HTTP_-_Get_Movie_Details":{"runAfter":{"HTTP_-_Randomly_Select_a_page":["Succeeded"]},"type":"Http","inputs":{"method":"GET","uri":"https://api.themoviedb.org/3/movie/@{body('HTTP_-_Randomly_Select_a_page')['results'][rand(1,20)]['id']}?api_key=@{triggerBody()['HTTP_Uri']}&language=en-US&append_to_response=videos"}},"HTTP_-_Randomly_Select_a_page":{"runAfter":{"HTTP_-_Get_number_of_pages":["Succeeded"]},"type":"Http","inputs":{"method":"GET","uri":"https://api.themoviedb.org/3/discover/movie?api_key=@{triggerBody()['HTTP_Uri']}&language=en-US&primary_release_date.gte=@{triggerBody()['HTTP_Uri_1']}&primary_release_date.lte=@{triggerBody()['HTTP_Uri_2']}&with_genres=@{triggerBody()['HTTP_Uri_3']}&with_original_language=@{triggerBody()['HTTP_Uri_4']}&page=@{rand(1,if(greater(body('HTTP_-_Get_number_of_pages')['total_pages'],1000),1000,body('HTTP_-_Get_number_of_pages')['total_pages']))}"}},"Respond_to_PowerApps":{"runAfter":{"Condition_-_if_IMDB_id_exists,_GET_data_from_OMDB":["Succeeded"]},"type":"Response","kind":"PowerApp","inputs":{"statusCode":200,"body":{"movietitle":"@{body('HTTP_-_Get_Movie_Details')['original_title']}","movieoverview":"@{body('HTTP_-_Get_Movie_Details')['overview']}","posterpath":"@{body('HTTP_-_Get_Movie_Details')['poster_path']}","releasedate":"@{body('HTTP_-_Get_Movie_Details')['release_date']}","genre":"@variables('MovieGenresList')","imdbid":"@variables('IMDB_ID')","videos":"@{body('HTTP_-_Get_Movie_Details')['videos']['results']}","imdb_rating":"@variables('IMDB_Rating')"},"schema":{"type":"object","properties":{"movietitle":{"title":"MovieTitle","type":"string","x-ms-dynamically-added":true},"movieoverview":{"title":"MovieOverview","type":"string","x-ms-dynamically-added":true},"posterpath":{"title":"PosterPath","type":"string","x-ms-dynamically-added":true},"releasedate":{"title":"ReleaseDate","type":"string","x-ms-dynamically-added":true},"genre":{"title":"Genre","type":"string","x-ms-dynamically-added":true},"imdbid":{"title":"IMDBid","type":"string","x-ms-dynamically-added":true},"videos":{"title":"Videos","type":"string","x-ms-dynamically-added":true},"imdb_rating":{"title":"IMDB_Rating","type":"string","x-ms-dynamically-added":true}}}}},"Condition_-_if_IMDB_id_exists,_GET_data_from_OMDB":{"actions":{"HTTP_-_Get_movie_details_from_OMDB":{"runAfter":{},"type":"Http","inputs":{"method":"GET","uri":"http://www.omdbapi.com/?apikey=@{triggerBody()['HTTP_Uri_5']}&i=@{body('HTTP_-_Get_Movie_Details')['imdb_id']}"}},"Set_variable":{"runAfter":{"HTTP_-_Get_movie_details_from_OMDB":["Succeeded"]},"type":"SetVariable","inputs":{"name":"IMDB_ID","value":"@{body('HTTP_-_Get_Movie_Details')['imdb_id']}"}},"Set_variable_3":{"runAfter":{"Set_variable":["Succeeded"]},"type":"SetVariable","inputs":{"name":"IMDB_Rating","value":"@{body('HTTP_-_Get_movie_details_from_OMDB')['imdbRating']}"}}},"runAfter":{"Initialize_variable_-_for_IMDB_rating_of_the_movie":["Succeeded"]},"else":{"actions":{"Set_variable_2":{"runAfter":{},"type":"SetVariable","inputs":{"name":"IMDB_ID","value":"-"}},"Set_variable_4":{"runAfter":{"Set_variable_2":["Succeeded"]},"type":"SetVariable","inputs":{"name":"IMDB_Rating","value":"-"}}}},"expression":"@equals(variables('IMDBid_check'), 1)","type":"If"},"Initialize_variable_-_Check_if_the_movie_has_an_IMDB_id":{"runAfter":{"HTTP_-_Get_Movie_Details":["Succeeded"]},"type":"InitializeVariable","inputs":{"variables":[{"name":"IMDBid_check","type":"Integer","value":"@if(empty(body('HTTP_-_Get_Movie_Details')['imdb_id']),0,1)"}]}},"Initialize_variable_-_variable_to_increment_in_do-until_loop":{"runAfter":{"Initialize_variable_-_Check_if_the_movie_has_an_IMDB_id":["Succeeded"]},"type":"InitializeVariable","inputs":{"variables":[{"name":"MovieGenreCount","type":"Integer","value":0}]}},"Initialize_variable_-_To_Save_list_of_Genres":{"runAfter":{"Initialize_variable_-_variable_to_increment_in_do-until_loop":["Succeeded"]},"type":"InitializeVariable","inputs":{"variables":[{"name":"MovieGenresList","type":"String"}]}},"Initialize_variable_-_for_IMDB_id_of_the_movie":{"runAfter":{"Apply_to_each":["Succeeded"]},"type":"InitializeVariable","inputs":{"variables":[{"name":"IMDB_ID","type":"String"}]}},"Initialize_variable_-_for_IMDB_rating_of_the_movie":{"runAfter":{"Initialize_variable_-_for_IMDB_id_of_the_movie":["Succeeded"]},"type":"InitializeVariable","inputs":{"variables":[{"name":"IMDB_Rating","type":"String"}]}},"Apply_to_each":{"foreach":"@body('HTTP_-_Get_Movie_Details')['genres']","actions":{"Append_to_string_variable_2":{"runAfter":{},"type":"AppendToStringVariable","inputs":{"name":"MovieGenresList","value":"@concat(body('HTTP_-_Get_Movie_Details')['genres'][variables('MovieGenreCount')]['name'],', ')"}},"Increment_variable_2":{"runAfter":{"Append_to_string_variable_2":["Succeeded"]},"type":"IncrementVariable","inputs":{"name":"MovieGenreCount","value":1}}},"runAfter":{"Initialize_variable_-_To_Save_list_of_Genres":["Succeeded"]},"type":"Foreach"}},"outputs":{}},"connectionReferences":{},"flowFailureAlertSubscribed":false}}