{"schemaVersion":"1.0","appDefinitionTemplate":{"id":"/providers/Microsoft.PowerApps/apps/","type":"Microsoft.PowerApps/apps","tags":{"minimumRequiredApiVersion":"2.2.0"},"properties":{"appVersion":"2018-04-28T18:41:00Z","lifeCycleId":"Published","createdByClientVersion":{"major":3,"minor":18044,"build":27,"revision":0,"majorRevision":0,"minorRevision":0},"minClientVersion":{"major":3,"minor":18044,"build":27,"revision":0,"majorRevision":0,"minorRevision":0},"backgroundColor":"rgba(1, 131, 134, 1)","backgroundImageUri":"/14068671399748204916/N5a7b01de-6589-409d-8457-59952366d55c-logoSmallFile","displayName":"Random Movie","description":"Tired of selecting what to watch, use this app for a random movie recommendation.","appUris":{"documentUri":{"value":"/14068671399748204916/N5f4375d2-5d39-4b0c-b8f3-a23d65643725-document.msapp","readonlyValue":"/14068671399748204916/N5f4375d2-5d39-4b0c-b8f3-a23d65643725-document.msapp"},"imageUris":[]},"createdTime":"0001-01-01T00:00:00Z","lastModifiedTime":"0001-01-01T00:00:00Z","sharedGroupsCount":0,"sharedUsersCount":0,"icons":{"smallIconUri":"/14068671399748204916/N53bd65cc-8889-461f-8258-f0e6921ff465-small.png","mediumIconUri":"/14068671399748204916/Nb0690c80-6f0b-4456-ad43-58a1b057e41b-medium.png","largeIconUri":"/14068671399748204916/N64e363a4-15dc-4fdf-b838-f95d4624c227-large.png","wideIconUri":"/14068671399748204916/Nf1eca6b0-64d9-4ce6-9b6c-7f0680d7ba2b-wide.png"},"connectionReferences":{"54bf1f4a-e1f7-4e84-b2f7-f7cb0f9c0a22":{"id":"ba5bf7b5-0b4b-416b-9c76-fc6805fc5320","displayName":"Excel","iconUri":"https://az818438.vo.msecnd.net/icons/excel.png","dataSources":["APIKeys","GenresListfromMovieDB","LanguageList"],"dependencies":["22d620b0-9e48-4548-83f1-920739da7c5f"],"dependents":[],"parameterHints":{"22d620b0-9e48-4548-83f1-920739da7c5f":{"value":"fileSource"}},"isOnPremiseConnection":false,"bypassConsent":false,"dataSets":{"01R2XAI3N6ZPIHTXA63ZAI3ZQ2OBTYDVZD":{"dataSources":{"APIKeys":{"tableName":"APIKeys"},"GenresListfromMovieDB":{"tableName":"GenresListfromMovieDB"},"LanguageList":{"tableName":"LanguageList"}}}},"apiTier":"Standard"},"22d620b0-9e48-4548-83f1-920739da7c5f":{"id":"eab1cc11-e7b7-41b1-b0f7-324860b0daad","displayName":"OneDrive for Business","iconUri":"https://az818438.vo.msecnd.net/icons/onedriveforbusiness.png","dataSources":[],"dependencies":[],"dependents":["54bf1f4a-e1f7-4e84-b2f7-f7cb0f9c0a22"],"parameterHints":{},"isOnPremiseConnection":false,"bypassConsent":false,"dataSets":{},"apiTier":"Standard"},"94da1c38-4f32-45bb-82e8-975d9e12a347":{"id":"b681e251-782d-4082-b0ec-0c72b9cc9fed","displayName":"Logic flows","iconUri":"https://resourcestackdeploy.blob.core.windows.net/scripts/13276078.png","dataSources":["RandomMovieGenerator"],"dependencies":[],"dependents":[],"parameterHints":{"workflowName":{"value":"f36a10e2-589e-4aae-a3a8-0c8b3474dbd4"}},"isOnPremiseConnection":false,"bypassConsent":false,"dataSets":{},"apiTier":"Standard"}}}}}